{"accuracy": 0.8165322580645161, "precision": 0.7673179396092362, "f1": 0.8260038240917781, "recall": 0.8944099378881988}