{"accuracy": 0.8054435483870968, "precision": 0.7457627118644068, "f1": 0.8201304753028891, "recall": 0.9109730848861284}