{"accuracy": 0.8830645161290323, "precision": 0.8863157894736842, "f1": 0.8789144050104385, "recall": 0.8716356107660456}