{"accuracy": 0.8820564516129032, "precision": 0.9575, "f1": 0.8674971687429219, "recall": 0.7929606625258799}