{"accuracy": 0.59375, "precision": 0.5470588235294118, "f1": 0.6976744186046512, "recall": 0.9627329192546584}