{"accuracy": 0.5141129032258065, "precision": 1.0, "f1": 0.004132231404958678, "recall": 0.002070393374741201}